epoch,accuracy,learning_rate,loss,val_accuracy,val_loss
0,0.5472440719604492,0.0010000000474974513,4.507338047027588,0.45205479860305786,396.188720703125
